{
	"pattrstorage" : 	{
		"name" : "1-random-fbs",
		"slots" : 		{
			"1" : 			{
				"id" : 1,
				"data" : 				{
					"Filtered-FB-DT-Slew" : [ 5135 ],
					"Filtered-FB-Delay-Times" : [ 975.127563, 950.255127, 870.663269, 829.209167, 787.755127, 746.301025, 676.658142, 607.01532, 537.372437, 467.729584, 395.599487, 323.469391, 266.262756, 209.056122, 25.0 ],
					"Filtered-FB-Filtergraph" : [ 5, 0, 5, 1, 0, 0, 5397.146484, 3.328569, 2.336482, 1, 5, 1, 0, 0, 167.120331, 0.220937, 1.544457, 2, 5, 1, 0, 0, 422.355804, 1.87325, 2.3799, 3, 5, 1, 0, 0, 35.978695, 2.816983, 1.2, 4, 5, 1, 0, 0, 2014.454102, 0.28156, 5.820568 ],
					"Filtered-FB-Levels" : [ -0.816327, -0.744898, -0.377551, -0.239796, -0.102041, 0.005102, 0.112245, 0.285714, 0.357143, 0.428571, 0.591837, 0.683673, 0.0, 0.0, 0.0 ],
					"Filtered-FB-Menu" : [ "Random Feedback" ],
					"Filtered-FB-Out" : [ -42.343258 ],
					"Filtered-FB-PreTan" : [ -32.153358 ],
					"Filtered-FB-PreTan-2" : [ -62.220474 ],
					"Filtered-FB-Rand-Rate" : [ 0.3 ],
					"input-router-stereo::1-random-fbs-input-router-stereo" : [ 1 ],
					"input-router-mono::1-random-fbs-mono-input-choice" : [ 1 ]
				}

			}
,
			"3" : 			{
				"id" : 3,
				"data" : 				{
					"Filtered-FB-DT-Slew" : [ 5000 ],
					"Filtered-FB-Delay-Times" : [ 50.0, 636.862244, 552.295898, 517.474487, 482.653076, 405.548462, 383.163269, 343.36734, 333.418365, 333.418365, 338.392853, 348.341827, 363.26532, 250.0, 750.0 ],
					"Filtered-FB-Filtergraph" : [ 5, 0, 5, 1, 0, 0, 5397.146484, 3.328569, 2.336482, 1, 5, 1, 0, 0, 167.120331, 0.220937, 1.544457, 2, 5, 1, 0, 0, 422.355804, 1.87325, 2.3799, 3, 5, 1, 0, 0, 35.978695, 2.816983, 1.2, 4, 5, 1, 0, 0, 1000.0, 1.120495, 5.820568 ],
					"Filtered-FB-Levels" : [ 0.0, 0.0, 0.602041, 0.540816, 0.479592, 0.418367, 0.316327, 0.214286, 0.122449, 0.0, -0.204082, -0.255102, 0.0, 0.0, 0.0 ],
					"Filtered-FB-Menu" : [ "Fixed Feedback" ],
					"Filtered-FB-Out" : [ -0.302885 ],
					"Filtered-FB-PreTan" : [ -62.220474 ],
					"Filtered-FB-PreTan-2" : [  ],
					"Filtered-FB-Rand-Rate" : [ 0.0 ],
					"input-router-stereo::1-random-fbs-input-router-stereo" : [  ],
					"input-router-mono::1-random-fbs-mono-input-choice" : [ 1 ]
				}

			}

		}

	}

}
